<?xml version="1.0" encoding="utf-8"?>
<extension type="module" version="2.5.0" client="site" method="upgrade">
    <name>Hello, World!</name>
    <author>John Doe</author>
    <version>1.0.0</version>
    <description>A simple Hello, World! module.</description>
	
	<install>
		 <sql>
			 <file driver="mysql" charset="utf8">sql/mysql/install.mysql.utf8.sql</file>
		 </sql>
	</install>
	 
	<uninstall>
		 <sql>
			 <file driver="mysql" charset="utf8">sql/mysql/uninstall.mysql.utf8.sql</file>
		 </sql>
	</uninstall>
	 
	<update> 
		<schemas>
			<schemapath type="mysql">sql/mysql/updates</schemapath> 
		</schemas> 
	</update>
	
    <files>
        <filename>mod_helloworld.xml</filename>
        <filename module="mod_helloworld">mod_helloworld.php</filename>
        <filename>index.html</filename>
        <filename>helper.php</filename>
        <filename>tmpl/default.php</filename>
        <filename>tmpl/index.html</filename>
		<folder>sql</folder>
    </files>
	
    <config>
		<fields name="params">
			<fieldset name="basic">
				<field name="lang" type="sql" default="10" label="Select a language" query="SELECT id AS value, title AS lang FROM #__helloworld" />
			</fieldset>
		</fields>
    </config>
</extension>
