<?xml version="1.0" encoding="utf-8"?>
<extension type="component" version="1.6.0" method="upgrade">
	<name>com_joomprosubs</name>
	<author>Mark Dexter and Louis Landry</author>
	<creationDate>October 2013</creationDate>
	<copyright>(C) 2012-2013 Mark Dexter and Louis Landry. All rights reserved.</copyright>
	<license>GNU General Public License version 2 or later; see LICENSE.txt</license>
	<authorEmail>admin@joomla.org</authorEmail>
	<authorUrl>www.joomla.org</authorUrl>
	<version>3.0.0</version>
	<description>COM_JOOMPROSUBS_XML_DESCRIPTION</description>
	<install> <!-- Runs on install -->
    	<sql>
        	<file driver="mysql" charset="utf8">sql/install.mysql.utf8.sql</file>
  		</sql>
    </install>
    <uninstall> <!-- Runs on uninstall -->
    	<sql>
        	<file driver="mysql" charset="utf8">sql/uninstall.mysql.utf8.sql</file>
  		</sql>
   	</uninstall>
   	<update> <!-- Runs on update; New in 2.5 -->
		<schemas>
			<schemapath type="mysql">sql/updates/mysql</schemapath>
		</schemas>	
	</update>
	<files folder="site">
		<folder>controllers</folder>
		<folder>helpers</folder>
		<folder>language</folder>
		<folder>models</folder>
		<folder>views</folder>
		<filename>controller.php</filename>
		<filename>index.html</filename>
		<filename>joomprosubs.php</filename>
	</files>
	<administration>
		<menu img="class:newsfeeds">COM_JOOMPROSUBS</menu>
		<submenu>
			<!--
				Note that all & must be escaped to &amp; for the file to be valid
				XML and be parsed by the installer
			-->
			<menu link="option=com_joomprosubs" view="submanager" img="class:newsfeeds"
				alt="Subscriptions/Subscriptions">COM_JOOMPROSUBS</menu>
			<menu link="option=com_categories&amp;extension=com_joomprosubs"
				view="categories" img="class:newsfeeds-cat" 
				alt="Subscriptions/Categories">Categories</menu>
		</submenu>
		<files folder="admin">
			<folder>controllers</folder>
			<folder>helpers</folder>
			<folder>language</folder>
			<folder>models</folder>
			<folder>sql</folder>
			<folder>tables</folder>
			<folder>views</folder>
			<filename>access.xml</filename>
			<filename>config.xml</filename>
			<filename>controller.php</filename>
			<filename>index.html</filename>
			<filename>joomprosubs.php</filename>
		</files>
	</administration>
	<!-- The updateservers element is required to enable the automatic update. --> 
	<!-- It is used to add the rows to #__update_sites and #__update_sites_extensions tables -->
	<updateservers>
		<server type="extension" priority="1" name="JoomproSubs">http://joomlaprogrammingbook.com/updateserver/joomprosubs-update.xml</server>
	</updateservers>
</extension>

